<?xml version="1.0" encoding="UTF-8" ?>
<!DOCTYPE mapper PUBLIC "-//mybatis.org//DTD Mapper 3.0//EN" "http://mybatis.org/dtd/mybatis-3-mapper.dtd" >
<mapper namespace="com.example.demo.mapper.BookMapper" >

  <!-- <resultMap id="Book" type="com.example.demo.bean.Book">
    <id column="id" property="id" jdbcType="INTEGER" />
    <result column="name" property="name" jdbcType="VARCHAR" />
  </resultMap> -->
  <select id="getStock" resultType="Integer">
    select stock from books where id=#{bookId}
  </select>
  <select id="selectUser" resultType="com.example.demo.bean.User">
    select * from user where username=#{username}
  </select>
  <select id="search" resultType="com.example.demo.bean.Book">
    select * from books
    <where>
      <if test="name != null">
        and name = #{name}
      </if>
      <if test="author != null">
        and author = #{author}
      </if>
    </where>
    order by id desc limit #{start},#{pageSize}
  </select>
  <select id="getRecord" resultType="com.example.demo.bean.Record">
    select * from record
    <where>
      <if test="book != null">
        and book = #{book}
      </if>
      <if test="user != null">
        and user = #{user}
      </if>
    </where>
    order by id desc limit #{start},#{pageSize}
  </select>
  <select id="getComment" resultType="com.example.demo.bean.Comment">
    select * from comment order by id desc limit #{start},#{pageSize}
  </select>
  <select id="getUser" resultType="com.example.demo.bean.User">
    select id,username,type,avatar,nickname from user
    <where>
      <if test="username != null">
        and username = #{username}
      </if>
    </where>
    order by id desc limit #{start},#{pageSize}
  </select>
  <insert id="create">
    INSERT INTO books(name,author,price,publisher,introduction,cover,date,total,stock) VALUES(#{name},#{author},#{price},#{publisher},#{introduction},#{cover},#{date},#{total},#{total})
  </insert>
  <insert id="addUser">
    INSERT INTO user(username,password,type,avatar,nickname,date) VALUES(#{username},#{password},#{type},#{avatar},#{nickname},#{date})
  </insert>
  <insert id="addComment">
    INSERT INTO comment(userId,avatar,nickname,content,date) VALUES(#{userId},#{avatar},#{nickname},#{content},#{date})
  </insert>
  <insert id="addRecord">
    UPDATE books SET stock=#{stock} WHERE id = #{bookId};
    INSERT INTO record(book,user,bookId,userId,type,createTime) VALUES(#{book},#{user},#{bookId},#{userId},1,#{createTime});
  </insert>
  <delete id="deleteBook">
    DELETE FROM books where id=#{id}
  </delete>
  <delete id="deleteComment">
    DELETE FROM comment where id=#{id}
  </delete>
  <update id="update">
    UPDATE books SET name = #{name},author = #{author},price = #{price},publisher = #{publisher},introduction = #{introduction},cover = #{cover},date = #{date},total = #{total} WHERE Id = #{id}
  </update>
  <update id="updateRecord">
    UPDATE books SET stock = #{stock} WHERE Id = #{bookId};
    UPDATE record SET type = 0,updateTime = #{updateTime} WHERE id = #{id};
  </update>
  <update id="updateUser">
    UPDATE user SET avatar = #{avatar},nickname = #{nickname},password = #{password} WHERE Id = #{id};
    UPDATE comment SET avatar = #{avatar},nickname = #{nickname} WHERE userId = #{id};
  </update>
  <select id="getBookTotal" resultType="Integer">
    select count(*) as total from books
    <where>
      <if test="name != null">
        and name = #{name}
      </if>
      <if test="author != null">
        and author = #{author}
      </if>
    </where>
  </select>
  <select id="getRecordTotal" resultType="Integer">
    select count(*) as total from record
    <where>
      <if test="book != null">
        and book = #{book}
      </if>
      <if test="author != null">
        and book = #{book}
      </if>
    </where>
  </select>
  <select id="getCommentTotal" resultType="Integer">
    select count(*) as total from comment
  </select>
  <select id="getRecordId" resultType="Integer">
    select bookId from record where user=#{user} and type=1
  </select>
  <select id="getUserTotal" resultType="Integer">
    select count(*) as total from user
    <where>
      <if test="username != null">
        and username = #{username}
      </if>
    </where>
  </select>
</mapper>